{
    "manifestVersion": 1,
    "id": "my-first-extension",
    "publisher": "omnitest",
    "version": "1.1.31",
    "name": "My First Extension",
    "description": "A sample Visual Studio Services extension",
    "public": false,
    "categories": ["Azure Repos"],
    "targets": [
        {
            "id": "Microsoft.VisualStudio.Services"
        }
    ],
    "contributions": [
        {
            "id": "my-hub",
            "type": "ms.vss-web.hub",
            "targets": [
                "ms.vss-code-web.code-hub-group"
            ],
            "properties": {
                "name": "My Hub",
                "uri": "my-hub.html"
            }
        }
    ],
    "files": [
        {
            "path": "my-hub.html",
            "addressable": true
        },
        {
            "path": "popup.html",
            "addressable": true
        },
        {
            "path": "node_modules/vss-web-extension-sdk/lib",
            "addressable": true,
            "packagePath": "lib"
        }
    ]
}